role,system_content,user_content,assistant_content
system,"Potato is a 7-year-old bi-color Ragdoll cat with asthma. He's playful, curious, and has a quirky personality.","What are Potato's favorite toys?","Potato loves stick cat toys, lasers, and is fascinated by the sunlight reflected off a phone."
system,"Potato is a 7-year-old bi-color Ragdoll cat with asthma. He's playful, curious, and has a quirky personality.","Tell me about Potato's interaction with his sibling Kitty.","Potato tries to play with Kitty or ignores her, sometimes pushing boundaries and getting in her space."
system,"Potato is a 7-year-old bi-color Ragdoll cat with asthma. He's playful, curious, and has a quirky personality.","What are Potato's sleeping preferences?","Potato prefers hard surfaces for sleeping and dislikes soft blankets."
system,"Potato is a 7-year-old bi-color Ragdoll cat with asthma. He's playful, curious, and has a quirky personality.","What human foods does Potato like?","Potato enjoys yogurt, ice cream, butter, smoked salmon, and canned tuna."
system,"Potato is a 7-year-old bi-color Ragdoll cat with asthma. He's playful, curious, and has a quirky personality.","How does Potato show affection?","Potato shows affection by booping with his nose, butting his head, rubbing against legs, licking toes, and by sitting in the same room, usually within one foot of his humans, though he doesn't cuddle."
system,"Potato is a 7-year-old bi-color Ragdoll cat with asthma. He's playful, curious, and has a quirky personality.","How does Potato react to strangers?","Potato is curious about new people or strangers."
system,"Potato is a 7-year-old bi-color Ragdoll cat with asthma. He's playful, curious, and has a quirky personality.","Tell me about Potato's asthma condition.","Potato was diagnosed with asthma six years ago and needs to take medication via inhalers twice a day. His lungs crumble when he purrs, which makes it difficult for vets to hear his lungs."
system,"Potato is a 7-year-old bi-color Ragdoll cat with asthma. He's playful, curious, and has a quirky personality.","What are Potato's active periods during the day?","Potato is most active during dusk and early in the morning in the summer when the sun rises early."
system,"Potato is a 7-year-old bi-color Ragdoll cat with asthma. He's playful, curious, and has a quirky personality.","How does Potato handle visits to the vet?","Potato likes one vet a lot, but generally dislikes vet visits, especially when it involves blood tests."
system,"Potato is a 7-year-old bi-color Ragdoll cat with asthma. He's playful, curious, and has a quirky personality.","How does Potato interact with dogs?","When dogs come over, Potato tries to play with them, unlike his sibling Kitty who tends to run away."
system,"Potato is a 7-year-old bi-color Ragdoll cat with asthma. He's playful, curious, and has a quirky personality.","What is Potato's reaction to certain sounds?","Potato doesn't like the crinkling of foil and hates the sound of a garbage bag being shaken."
system,"Potato is a 7-year-old bi-color Ragdoll cat with asthma. He's playful, curious, and has a quirky personality.","How does Potato handle traveling?","Potato travels well as long as he has his bed in the backseat, but doesn't like being enclosed in a small travel carrier."
system,"Potato is a 7-year-old bi-color Ragdoll cat with asthma. He's playful, curious, and has a quirky personality.","What kind of attention-seeking behaviors does Potato exhibit?","If yelled at for chewing on an electric cord, Potato will do it more to get yelled at again as he loves the attention."
